Lara Mullen,Burberry S/S 19 Show
Steinberg ,Jil Sander F/W 18 Show
Felice Nova Noordhoff,Prada F/W 17 Show
Adut Akech,Saint Laurent S/S 18 Show,Saint Laurent F/W 17 Show,Saint Laurent S/S 17 Show
Sora Choi,Alexander Wang F/W 18 Show,Louis Vuitton S/S 18 Show,Louis Vuitton F/W 17 Show,Louis Vuitton S/S 17 Show,Mulberry S/S 17 Show,Louis Vuitton S/S 15 Show
Lina Zhang,Proenza Schouler F/W 19 Show
Aliet Sarah,J.W. Anderson F/W 19 Show
Fran Summers,Prada S/S 18 Show,J.W. Anderson S/S 18 Show
Bente Oort,Celine S/S 19 Show,Prada S/S 18 Show,Burberry F/W 17 Show
Blesnya Minher,Calvin Klein S/S 18 Show,Calvin Klein F/W 17 Show
Kyla Ramsey,Louis Vuitton S/S 19 Show
Maike Inga,Prada S/S 19 Show
Giselle Norman,J.W. Anderson F/W 18 Show
Chunjie Liu,Alexander Wang F/W 18 Show
Yilan Hua,Bottega Veneta F/W 19 Show
Deirdre Firinne,Burberry S/S 19 Show,Chloe S/S 17 Show
Hiandra Martinez,Saint Laurent F/W 17 Show,Saint Laurent S/S 17 Show
Miriam Sanchez,Louis Vuitton S/S 19 Show
Sara Grace Wallerstedt,Calvin Klein F/W 17 Show,Proenza Schouler S/S 17 Show
Tessa Bruinsma,Calvin Klein F/W 17 Show,Gucci F/W 15 Show
Faretta ,Alexander Wang S/S 17 Show
Julia Merkelbach,Loewe F/W 18 Show,Marni F/W 18 Show,Louis Vuitton F/W 16 Show,Louis Vuitton S/S 16 Show,Louis Vuitton F/W 15 Show
Kateryna Zub,Jil Sander F/W 17 Show
Kiki Willems,Saint Laurent S/S 15 Show
Maud Hoevelaken,Prada F/W 18 Show
Mona Tougaard,Prada F/W 19 Show
Fatou Jobe,Dior F/W 18 Show,Calvin Klein F/W 18 Show
Ilya Vermeulen,Louis Vuitton S/S 18 Show
Sasha Komarova,Calvin Klein S/S 18 Show
Bella Hadid,Alexander Wang F/W 17 Show,Versus S/S 17 Show,Givenchy F/W 16 Show
Cara Taylor,Alexander Wang F/W 17 Show,Alexander Wang S/S 17 Show
Kaila Wyatt,Celine F/W 19 Show
Kerolyn Soares,Saint Laurent F/W 19 Show,Prada F/W 19 Show
Licett Morillo,Prada S/S 19 Show
Naomi Chin Wing,Alexander Wang F/W 18 Show,Saint Laurent S/S 18 Show
Tang He,Miu Miu S/S 20 Show
Amanda Googe,Prada F/W 16 Show
Emily Viviane,Louis Vuitton S/S 18 Show
Evelyn Nagy,Celine S/S 19 Show
Grace Elizabeth,Miu Miu F/W 16 Show
Manuela Sanchez,Saint Laurent S/S 17 Show
Mathilde Henning,Saint Laurent S/S 19 Men's Show,Saint Laurent F/W 18 Show
Merel Zoet,Louis Vuitton S/S 17 Show
Yoon Young Bae,Prada S/S 17 Show
Aaliyah Hydes,Gucci F/W 17 Show
Alberte Mortensen,Givenchy S/S 18 Show
Jamily Wernke Meurer,Proenza Schouler S/S 19 Show
Lexi Boling,Tom Ford S/S 15 Show
Yorgelis Marte,Saint Laurent F/W 19 Show
Birgit Kos,Miu Miu S/S 17 Show
Heejung Park,Louis Vuitton F/W 17 Show
Liz Kennedy,Burberry F/W 19 Show,Burberry S/S 19 Show
Natalia Montero,Balenciaga F/W 18 Show
Nikki Tissen,Prada S/S 19 Show
Sasha Knysh,Miu Miu F/W 19 Show
Daniela Kocianova,Céline F/W 17 Show,Céline S/S 17 Show
Emily Driver,Prada F/W 19 Show,J.W. Anderson F/W 19 Show
Karly Loyce,Celine F/W 15 Show
Louise Robert,Prada S/S 18 Show,Prada Resort 2018 Show
Meghan Roche,Alexander Wang F/W 18 Show,Givenchy S/S 18 Show
Nayeli Figueroa,Dior F/W 18 Show
Gigi Hadid,Versace S/S 16 Show,Marc Jacobs S/S 15 Show
