Mayowa Nicholas, Tom Ford F/W 2019 New York
Mayowa Nicholas, Khaite F/W 2019 New York
Mayowa Nicholas, Jeremy Scott F/W 2019 New York
Mayowa Nicholas, Prabal Gurung F/W 2019 New York
Mayowa Nicholas, Brandon Maxwell F/W 2019 New York
Mayowa Nicholas, Carolina Herrera F/W 2019 New York
Mayowa Nicholas, Anna Sui F/W 2019 New York
Mayowa Nicholas, Oscar de la Renta F/W 2019 New York
Mayowa Nicholas, Gabriela Hearst F/W 19.20 New York
Mayowa Nicholas, Michael Kors F/W 2019 New York
Mayowa Nicholas, Marc Jacobs F/W 2019 New York
Mayowa Nicholas, Zimmermann F/W 2019 New York
Mayowa Nicholas, No. 21 F/W 2019 Milan
Mayowa Nicholas, Jil Sander F/W 2019 Milan
Mayowa Nicholas, Moschino F/W 2019 Milan
Mayowa Nicholas, Tod's F/W 2019 Milan
Mayowa Nicholas, Philosophy di Lorenzo Serafini F/W 2019 Milan
Mayowa Nicholas, Roberto Cavalli F/W 2019 Milan
Mayowa Nicholas, Marni F/W 2019 Milan
Mayowa Nicholas, Jacquemus F/W 2019 Paris
Mayowa Nicholas, Rochas F/W 2019 Paris
Mayowa Nicholas, Isabel Marant F/W 2019 Paris
Mayowa Nicholas, Balmain F/W 2019 Paris
Mayowa Nicholas, Altuzarra F/W 2019 Paris
Tessa Bruinsma, Brock Collection F/W 2019 New York
Tessa Bruinsma, John Elliott F/W 2019 New York
Tessa Bruinsma, Dion Lee F/W 2019 New York
Tessa Bruinsma, Helmut Lang F/W 2019 New York
Tessa Bruinsma, 3.1 Phillip Lim F/W 19.20 New York
Tessa Bruinsma, Calvin Luo F/W 2019 New York
Tessa Bruinsma, Li-Ning F/W 2019 New York
Tessa Bruinsma, Marina Moscone F/W 2019 New York
Tessa Bruinsma, CDLM X Creatures of the Wind F/W 2019 New York
Tessa Bruinsma, Peter Pilotto F/W 2019 London
Tessa Bruinsma, Erdem F/W 2019 London
Tessa Bruinsma, Margaret Howell F/W 2019 London
Tessa Bruinsma, Symonds Pearmain F/W 2019 London
Tessa Bruinsma, Molly Goddard F/W 2019 London
Tessa Bruinsma, No. 21 F/W 2019 Milan
Tessa Bruinsma, Giada F/W 19.20 Milan
Tessa Bruinsma, Gabriele Colangelo F/W 19.20 Milan
Tessa Bruinsma, Blumarine F/W 2019 Milan
Tessa Bruinsma, Benetton F/W 2019 Milan
Tessa Bruinsma, Ann Demeulemeester F/W 2019 Paris
Tessa Bruinsma, Dries Van Noten F/W 2019 Paris
Nora Attal, Longchamp F/W 2019 New York
Nora Attal, R13 F/W 2019 New York
Nora Attal, Prabal Gurung F/W 2019 New York
Nora Attal, Brandon Maxwell F/W 2019 New York
Nora Attal, Carolina Herrera F/W 2019 New York
Nora Attal, Anna Sui F/W 2019 New York
Nora Attal, Oscar de la Renta F/W 2019 New York
Nora Attal, Gabriela Hearst F/W 19.20 New York
Nora Attal, Michael Kors F/W 2019 New York
Nora Attal, Boss F/W 2019 New York
Nora Attal, Ports 1961 F/W 19.20 London
Nora Attal, Oxfam Fashion Fighting Poverty F/W 2019 London
Nora Attal, Molly Goddard F/W 2019 London
Nora Attal, No. 21 F/W 2019 Milan
Nora Attal, Tod's F/W 2019 Milan
Nora Attal, Sportmax F/W 2019 Milan
Nora Attal, Salvatore Ferragamo F/W 2019 Milan
Nora Attal, Marni F/W 2019 Milan
Nora Attal, Jacquemus F/W 2019 Paris
Nora Attal, Christian Dior F/W 2019 Paris
Nora Attal, Lanvin F/W 2019 Paris
Nora Attal, Rochas F/W 2019 Paris
Nora Attal, Chloé F/W 2019 Paris
Nora Attal, Paco Rabanne F/W 19.20 Paris
Nora Attal, Loewe F/W 2019 Paris
Nora Attal, Altuzarra F/W 2019 Paris
Adut Akech, Tory Burch F/W 2019 New York
Adut Akech, Anna Sui F/W 2019 New York
Adut Akech, Michael Kors F/W 2019 New York
Adut Akech, Marc Jacobs F/W 2019 New York
Adut Akech, Victoria Beckham F/W 2019 London
Adut Akech, Burberry F/W 19.20 London
Adut Akech, Simone Rocha F/W 2019 London
Adut Akech, Alberta Ferretti F/W 2019 Milan
Adut Akech, Max Mara F/W 2019 Milan
Adut Akech, Fendi F/W 2019 Milan
Adut Akech, Moschino F/W 2019 Milan
Adut Akech, Prada F/W 2019 Milan
Adut Akech, Etro F/W 2019 Milan
Adut Akech, Bottega Veneta F/W 2019 Milan
Adut Akech, Versace F/W 2019 Milan
Adut Akech, Salvatore Ferragamo F/W 2019 Milan
Adut Akech, Moncler Genius 1 Pierpaolo Piccioli F/W 2019 Milan
Adut Akech, Saint Laurent F/W 2019 Paris
Adut Akech, Christian Dior F/W 2019 Paris
Adut Akech, Lanvin F/W 2019 Paris
Adut Akech, Isabel Marant F/W 2019 Paris
Adut Akech, Dries Van Noten F/W 2019 Paris
Adut Akech, Valentino F/W 2019 Paris
Adut Akech, Givenchy F/W 2019 Paris
Adut Akech, Stella McCartney F/W 2019 Paris
Brynn Bonner, The Row F/W 2019 New York
Brynn Bonner, Christian Siriano F/W 19.20 New York
Brynn Bonner, Chenpeng F/W 2019 New York
Brynn Bonner, Lanyu F/W 2019 New York
Brynn Bonner, Mark Gong F/W 2019 New York
Brynn Bonner, Pamella Roland F/W 2019 New York
Brynn Bonner, Eckhaus Latta F/W 2019 New York
Brynn Bonner, Hellessy F/W 2019 New York
Brynn Bonner, Yajun F/W 2019 New York
Brynn Bonner, Rosie Assoulin F/W 2019 New York
Brynn Bonner, Supriya Lele F/W 2019 London
Brynn Bonner, Symonds Pearmain F/W 2019 London
Brynn Bonner, Paula Knorr F/W 2019 London
Brynn Bonner, Richard Malone F/W 2019 London
Brynn Bonner, Ashley Williams F/W 2019 London
Brynn Bonner, A.W.A.K.E. MODE F/W 2019 London
Brynn Bonner, Calcaterra F/W 2019 Milan
Brynn Bonner, Emporio Armani F/W 2019 Milan
Brynn Bonner, Giorgio Armani F/W 2019 Milan
Brynn Bonner, Emilio Pucci F/W 2019 Milan
Brynn Bonner, Iceberg F/W 2019 Milan
Brynn Bonner, Dolce & Gabbana F/W 2019 Milan
Rocio Marconi, Ulla Johnson F/W 2019 New York
Rocio Marconi, John Elliott F/W 2019 New York
Rocio Marconi, Noon by Noor F/W 2019 New York
Rocio Marconi, Dion Lee F/W 2019 New York
Rocio Marconi, Gabriela Hearst F/W 19.20 New York
Rocio Marconi, 3.1 Phillip Lim F/W 19.20 New York
Rocio Marconi, Calvin Luo F/W 2019 New York
Rocio Marconi, Palm Angels F/W 2019 New York
Rocio Marconi, Burnett F/W 2019 New York
Rocio Marconi, Wales Bonner F/W 19 Show
Rocio Marconi, ALEXACHUNG F/W 2019 London
Rocio Marconi, Chalayan F/W 2019 London
Rocio Marconi, David Koma F/W 2019 London
Rocio Marconi, Halpern F/W 2019 London
Rocio Marconi, Natasha Sinko F/W 2019 London
Rocio Marconi, Roksanda F/W 2019 London
Rocio Marconi, Rejina Pyo F/W 2019 London
Rocio Marconi, Byblos F/W 19 Milan
Rocio Marconi, Jil Sander F/W 2019 Milan
Rocio Marconi, Giada F/W 19.20 Milan
Rocio Marconi, Gabriele Colangelo F/W 19.20 Milan
Rocio Marconi, MSGM F/W 2019 Milan
Rocio Marconi, Emilio Pucci F/W 2019 Milan
Rocio Marconi, Christian Dior F/W 2019 Paris
Kateryna Zub, Rodarte F/W 19.20 Los Angeles
Kateryna Zub, Khaite F/W 2019 New York
Kateryna Zub, Brock Collection F/W 2019 New York
Kateryna Zub, Noon by Noor F/W 2019 New York
Kateryna Zub, Dion Lee F/W 2019 New York
Kateryna Zub, 3.1 Phillip Lim F/W 19.20 New York
Kateryna Zub, Boss F/W 2019 New York
Kateryna Zub, ADEAM F/W 2019 New York
Kateryna Zub, Marina Moscone F/W 2019 New York
Kateryna Zub, Tibi F/W 2019 New York
Kateryna Zub, Peter Pilotto F/W 2019 London
Kateryna Zub, Erdem F/W 2019 London
Kateryna Zub, David Koma F/W 2019 London
Kateryna Zub, Rejina Pyo F/W 2019 London
Kateryna Zub, Agnona F/W 19.20 Milan
Kateryna Zub, Brognano F/W 19.20 Milan
Kateryna Zub, Anteprima F/W 2019 Milan
Kateryna Zub, Blumarine F/W 2019 Milan
Kateryna Zub, Ermanno Scervino F/W 2019 Milan
Kateryna Zub, Marco de Vincenzo F/W 2019 Milan
Kateryna Zub, Dolce & Gabbana F/W 2019 Milan
Kateryna Zub, Moncler Genius 0 Richard Quinn F/W 2019 Milan
Kateryna Zub, Vivetta F/W 2019 Milan
Kateryna Zub, Altuzarra F/W 2019 Paris
Sara Grace Wallerstedt, Longchamp F/W 2019 New York
Sara Grace Wallerstedt, Tomo Koizumi F/W 2019 New York
Sara Grace Wallerstedt, R13 F/W 2019 New York
Sara Grace Wallerstedt, Tory Burch F/W 2019 New York
Sara Grace Wallerstedt, Carolina Herrera F/W 2019 New York
Sara Grace Wallerstedt, Anna Sui F/W 2019 New York
Sara Grace Wallerstedt, Coach 1941 F/W 19.20 New York
Sara Grace Wallerstedt, Michael Kors F/W 2019 New York
Sara Grace Wallerstedt, Marc Jacobs F/W 2019 New York
Sara Grace Wallerstedt, Mary Katrantzou F/W 2019 London
Sara Grace Wallerstedt, Christopher Kane F/W 2019 London
Sara Grace Wallerstedt, Simone Rocha F/W 2019 London
Sara Grace Wallerstedt, Alberta Ferretti F/W 2019 Milan
Sara Grace Wallerstedt, Fendi F/W 2019 Milan
Sara Grace Wallerstedt, Tod's F/W 2019 Milan
Sara Grace Wallerstedt, Etro F/W 2019 Milan
Sara Grace Wallerstedt, Versace F/W 2019 Milan
Sara Grace Wallerstedt, Salvatore Ferragamo F/W 2019 Milan
Sara Grace Wallerstedt, Missoni F/W 2019 Milan
Sara Grace Wallerstedt, Saint Laurent F/W 2019 Paris
Sara Grace Wallerstedt, Christian Dior F/W 2019 Paris
Sara Grace Wallerstedt, Lanvin F/W 2019 Paris
Sara Grace Wallerstedt, Chloé F/W 2019 Paris
Sara Grace Wallerstedt, Paco Rabanne F/W 19.20 Paris
Sara Grace Wallerstedt, Dries Van Noten F/W 2019 Paris
Sara Grace Wallerstedt, Altuzarra F/W 2019 Paris
Sara Grace Wallerstedt, Valentino F/W 2019 Paris
Sara Grace Wallerstedt, Givenchy F/W 2019 Paris
He Cong, Tom Ford F/W 2019 New York
He Cong, Khaite F/W 2019 New York
He Cong, Kate Spade F/W 2019 New York
He Cong, Self-Portrait F/W 2019 New York
He Cong, Prabal Gurung F/W 2019 New York
He Cong, Sies Marjan F/W 2019 New York
He Cong, Carolina Herrera F/W 2019 New York
He Cong, Oscar de la Renta F/W 2019 New York
He Cong, Coach 1941 F/W 19.20 New York
He Cong, Boss F/W 2019 New York
He Cong, Mary Katrantzou F/W 2019 London
He Cong, Victoria Beckham F/W 2019 London
He Cong, Burberry F/W 19.20 London
He Cong, Erdem F/W 2019 London
He Cong, Alberta Ferretti F/W 2019 Milan
He Cong, Moschino F/W 2019 Milan
He Cong, Sportmax F/W 2019 Milan
He Cong, Etro F/W 2019 Milan
He Cong, Philosophy di Lorenzo Serafini F/W 2019 Milan
He Cong, Roberto Cavalli F/W 2019 Milan
He Cong, Missoni F/W 2019 Milan
He Cong, Moncler Genius 4 Simone Rocha F/W 2019 M
He Cong, Christian Dior F/W 2019 Paris
He Cong, Lanvin F/W 2019 Paris
He Cong, Altuzarra F/W 2019 Paris
He Cong, Valentino F/W 2019 Paris
He Cong, Stella McCartney F/W 2019 Paris
Felice Noordhoff, Tom Ford F/W 2019 New York
Felice Noordhoff, Khaite F/W 2019 New York
Felice Noordhoff, Brandon Maxwell F/W 2019 New York
Felice Noordhoff, Carolina Herrera F/W 2019 New York
Felice Noordhoff, Michael Kors F/W 2019 New York
Felice Noordhoff, Boss F/W 2019 New York
Felice Noordhoff, Marc Jacobs F/W 2019 New York
Felice Noordhoff, Matty Bovan F/W 2019 London
Felice Noordhoff, Ports 1961 F/W 19.20 London
Felice Noordhoff, Mary Katrantzou F/W 2019 London
Felice Noordhoff, Erdem F/W 2019 London
Felice Noordhoff, Molly Goddard F/W 2019 London
Felice Noordhoff, Alberta Ferretti F/W 2019 Milan
Felice Noordhoff, No. 21 F/W 2019 Milan
Felice Noordhoff, Max Mara F/W 2019 Milan
Felice Noordhoff, Fendi F/W 2019 Milan
Felice Noordhoff, Moschino F/W 2019 Milan
Felice Noordhoff, Tod's F/W 2019 Milan
Felice Noordhoff, Sportmax F/W 2019 Milan
Felice Noordhoff, Etro F/W 2019 Milan
Felice Noordhoff, Salvatore Ferragamo F/W 2019 Milan
Felice Noordhoff, Philosophy di Lorenzo Serafini F/W 2019 Milan
Felice Noordhoff, Roberto Cavalli F/W 2019 Milan
Felice Noordhoff, Blumarine F/W 2019 Milan
Felice Noordhoff, Chloé F/W 2019 Paris
Felice Noordhoff, Isabel Marant F/W 2019 Paris
Felice Noordhoff, Altuzarra F/W 2019 Paris
Fran Summers, Longchamp F/W 2019 New York
Fran Summers, R13 F/W 2019 New York
Fran Summers, Proenza Schouler F/W 2019 New York
Fran Summers, Anna Sui F/W 2019 New York
Fran Summers, Coach 1941 F/W 19.20 New York
Fran Summers, Michael Kors F/W 2019 New York
Fran Summers, Marc Jacobs F/W 2019 New York
Fran Summers, Matty Bovan F/W 2019 London
Fran Summers, Ports 1961 F/W 19.20 London
Fran Summers, Victoria Beckham F/W 2019 London
Fran Summers, Burberry F/W 19.20 London
Fran Summers, J.W. Anderson F/W 19.20 London
Fran Summers, Simone Rocha F/W 2019 London
Fran Summers, Fendi F/W 2019 Milan
Fran Summers, Moschino F/W 2019 Milan
Fran Summers, Etro F/W 2019 Milan
Fran Summers, Versace F/W 2019 Milan
Fran Summers, Salvatore Ferragamo F/W 2019 Milan
Fran Summers, Saint Laurent F/W 2019 Paris
Fran Summers, Christian Dior F/W 2019 Paris
Fran Summers, Chloé F/W 2019 Paris
Fran Summers, Isabel Marant F/W 2019 Paris
Fran Summers, Paco Rabanne F/W 19.20 Paris
Fran Summers, Loewe F/W 2019 Paris
Fran Summers, Valentino F/W 2019 Paris
Fran Summers, Givenchy F/W 2019 Paris
Fran Summers, Stella McCartney F/W 2019 Paris
Hyunji Shin, Tom Ford F/W 2019 New York
Hyunji Shin, Khaite F/W 2019 New York
Hyunji Shin, Longchamp F/W 2019 New York
Hyunji Shin, R13 F/W 2019 New York
Hyunji Shin, Tory Burch F/W 2019 New York
Hyunji Shin, Sies Marjan F/W 2019 New York
Hyunji Shin, Carolina Herrera F/W 2019 New York
Hyunji Shin, Proenza Schouler F/W 2019 New York
Hyunji Shin, Anna Sui F/W 2019 New York
Hyunji Shin, Michael Kors F/W 2019 New York
Hyunji Shin, Victoria Beckham F/W 2019 London
Hyunji Shin, Christopher Kane F/W 2019 London
Hyunji Shin, Alberta Ferretti F/W 2019 Milan
Hyunji Shin, Jil Sander F/W 2019 Milan
Hyunji Shin, Max Mara F/W 2019 Milan
Hyunji Shin, Fendi F/W 2019 Milan
Hyunji Shin, Sportmax F/W 2019 Milan
Hyunji Shin, Versace F/W 2019 Milan
Hyunji Shin, Salvatore Ferragamo F/W 2019 Milan
Hyunji Shin, Philosophy di Lorenzo Serafini F/W 2019 Milan
Hyunji Shin, Missoni F/W 2019 Milan
Hyunji Shin, Saint Laurent F/W 2019 Paris
Hyunji Shin, Christian Dior F/W 2019 Paris
Hyunji Shin, Lanvin F/W 2019 Paris
Hyunji Shin, Rochas F/W 2019 Paris
Hyunji Shin, Dries Van Noten F/W 2019 Paris
Hyunji Shin, Valentino F/W 2019 Paris
Hyunji Shin, Givenchy F/W 2019 Paris
Hyunji Shin, Stella McCartney F/W 2019 Paris
Lara Mullen, Proenza Schouler F/W 2019 New York
Lara Mullen, Helmut Lang F/W 2019 New York
Lara Mullen, Philipp Plein F/W 2019 New York
Lara Mullen, Gabriela Hearst F/W 19.20 New York
Lara Mullen, Ports 1961 F/W 19.20 London
Lara Mullen, Mary Katrantzou F/W 2019 London
Lara Mullen, Peter Pilotto F/W 2019 London
Lara Mullen, Erdem F/W 2019 London
Lara Mullen, Preen by Thornton Bregazzi F/W 2019 London
Lara Mullen, Molly Goddard F/W 2019 London
Lara Mullen, No. 21 F/W 2019 Milan
Lara Mullen, Max Mara F/W 2019 Milan
Lara Mullen, Fendi F/W 2019 Milan
Lara Mullen, Prada F/W 2019 Milan
Lara Mullen, Versace F/W 2019 Milan
Lara Mullen, Missoni F/W 2019 Milan
Lara Mullen, Moncler Genius 2 1952 F/W 2019 Milan
Lara Mullen, Christian Dior F/W 2019 Paris
Lara Mullen, Lanvin F/W 2019 Paris
Lara Mullen, Chloé F/W 2019 Paris
Lara Mullen, Dries Van Noten F/W 2019 Paris
Lara Mullen, Celine F/W 2019 Paris
Lara Mullen, Haider Ackermann F/W 2019 Paris
Lara Mullen, Altuzarra F/W 2019 Paris
Lara Mullen, Givenchy F/W 2019 Paris
Lara Mullen, Stella McCartney F/W 2019 Paris
Rebecca Leigh Longendyke, Tom Ford F/W 2019 New York
Rebecca Leigh Longendyke, Khaite F/W 2019 New York
Rebecca Leigh Longendyke, Longchamp F/W 2019 New York
Rebecca Leigh Longendyke, R13 F/W 2019 New York
Rebecca Leigh Longendyke, Proenza Schouler F/W 2019 New York
Rebecca Leigh Longendyke, Coach 1941 F/W 19.20 New York
Rebecca Leigh Longendyke, Michael Kors F/W 2019 New York
Rebecca Leigh Longendyke, Marc Jacobs F/W 2019 New York
Rebecca Leigh Longendyke, Alberta Ferretti F/W 2019 Milan
Rebecca Leigh Longendyke, Max Mara F/W 2019 Milan
Rebecca Leigh Longendyke, Fendi F/W 2019 Milan
Rebecca Leigh Longendyke, Moschino F/W 2019 Milan
Rebecca Leigh Longendyke, Prada F/W 2019 Milan
Rebecca Leigh Longendyke, Tod's F/W 2019 Milan
Rebecca Leigh Longendyke, Etro F/W 2019 Milan
Rebecca Leigh Longendyke, Bottega Veneta F/W 2019 Milan
Rebecca Leigh Longendyke, Versace F/W 2019 Milan
Rebecca Leigh Longendyke, Salvatore Ferragamo F/W 2019 Milan
Rebecca Leigh Longendyke, Saint Laurent F/W 2019 Paris
Rebecca Leigh Longendyke, Christian Dior F/W 2019 Paris
Rebecca Leigh Longendyke, Lanvin F/W 2019 Paris
Rebecca Leigh Longendyke, Chloé F/W 2019 Paris
Rebecca Leigh Longendyke, Isabel Marant F/W 2019 Paris
Rebecca Leigh Longendyke, Paco Rabanne F/W 19.20 Paris
Rebecca Leigh Longendyke, Dries Van Noten F/W 2019 Paris
Rebecca Leigh Longendyke, Loewe F/W 2019 Paris
Rebecca Leigh Longendyke, Valentino F/W 2019 Paris
Rebecca Leigh Longendyke, Givenchy F/W 2019 Paris
Rebecca Leigh Longendyke, Stella McCartney F/W 2019 Paris
Naomi Chin Wing, Khaite F/W 2019 New York
Naomi Chin Wing, Kate Spade F/W 2019 New York
Naomi Chin Wing, Jeremy Scott F/W 2019 New York
Naomi Chin Wing, Tomo Koizumi F/W 2019 New York
Naomi Chin Wing, R13 F/W 2019 New York
Naomi Chin Wing, Anna Sui F/W 2019 New York
Naomi Chin Wing, Michael Kors F/W 2019 New York
Naomi Chin Wing, Marc Jacobs F/W 2019 New York
Naomi Chin Wing, Matty Bovan F/W 2019 London
Naomi Chin Wing, Ports 1961 F/W 19.20 London
Naomi Chin Wing, Mary Katrantzou F/W 2019 London
Naomi Chin Wing, Victoria Beckham F/W 2019 London
Naomi Chin Wing, Burberry F/W 19.20 London
Naomi Chin Wing, Wales Bonner F/W 19 Show
Naomi Chin Wing, Erdem F/W 2019 London
Naomi Chin Wing, Alberta Ferretti F/W 2019 Milan
Naomi Chin Wing, Fendi F/W 2019 Milan
Naomi Chin Wing, Moschino F/W 2019 Milan
Naomi Chin Wing, Tod's F/W 2019 Milan
Naomi Chin Wing, Versace F/W 2019 Milan
Naomi Chin Wing, Philosophy di Lorenzo Serafini F/W 2019 Milan
Naomi Chin Wing, Roberto Cavalli F/W 2019 Milan
Naomi Chin Wing, Saint Laurent F/W 2019 Paris
Naomi Chin Wing, Rochas F/W 2019 Paris
Naomi Chin Wing, Altuzarra F/W 2019 Paris
Naomi Chin Wing, Valentino F/W 2019 Paris
Naomi Chin Wing, Givenchy F/W 2019 Paris
Sora Choi, Longchamp F/W 2019 New York
Sora Choi, R13 F/W 2019 New York
Sora Choi, Tory Burch F/W 2019 New York
Sora Choi, Prabal Gurung F/W 2019 New York
Sora Choi, Sies Marjan F/W 2019 New York
Sora Choi, Carolina Herrera F/W 2019 New York
Sora Choi, Proenza Schouler F/W 2019 New York
Sora Choi, Coach 1941 F/W 19.20 New York
Sora Choi, Michael Kors F/W 2019 New York
Sora Choi, Boss F/W 2019 New York
Sora Choi, Burberry F/W 19.20 London
Sora Choi, Max Mara F/W 2019 Milan
Sora Choi, Fendi F/W 2019 Milan
Sora Choi, Prada F/W 2019 Milan
Sora Choi, Tod's F/W 2019 Milan
Sora Choi, Versace F/W 2019 Milan
Sora Choi, Salvatore Ferragamo F/W 2019 Milan
Sora Choi, Missoni F/W 2019 Milan
Sora Choi, Moncler Genius 2 1952 F/W 2019 Milan
Sora Choi, Saint Laurent F/W 2019 Paris
Sora Choi, Christian Dior F/W 2019 Paris
Sora Choi, Lanvin F/W 2019 Paris
Sora Choi, Chloé F/W 2019 Paris
Sora Choi, Paco Rabanne F/W 19.20 Paris
Sora Choi, Dries Van Noten F/W 2019 Paris
Sora Choi, Loewe F/W 2019 Paris
Sora Choi, Haider Ackermann F/W 2019 Paris
Sora Choi, Altuzarra F/W 2019 Paris
Sora Choi, Givenchy F/W 2019 Paris
Sora Choi, Stella McCartney F/W 2019 Paris
Giselle Norman, Khaite F/W 2019 New York
Giselle Norman, Longchamp F/W 2019 New York
Giselle Norman, Tomo Koizumi F/W 2019 New York
Giselle Norman, R13 F/W 2019 New York
Giselle Norman, Tory Burch F/W 2019 New York
Giselle Norman, Carolina Herrera F/W 2019 New York
Giselle Norman, Coach 1941 F/W 19.20 New York
Giselle Norman, Michael Kors F/W 2019 New York
Giselle Norman, Boss F/W 2019 New York
Giselle Norman, Ports 1961 F/W 19.20 London
Giselle Norman, Mary Katrantzou F/W 2019 London
Giselle Norman, Victoria Beckham F/W 2019 London
Giselle Norman, Simone Rocha F/W 2019 London
Giselle Norman, Molly Goddard F/W 2019 London
Giselle Norman, Alberta Ferretti F/W 2019 Milan
Giselle Norman, Fendi F/W 2019 Milan
Giselle Norman, Moschino F/W 2019 Milan
Giselle Norman, Sportmax F/W 2019 Milan
Giselle Norman, Etro F/W 2019 Milan
Giselle Norman, Versace F/W 2019 Milan
Giselle Norman, Salvatore Ferragamo F/W 2019 Milan
Giselle Norman, Philosophy di Lorenzo Serafini F/W 2019 Milan
Giselle Norman, Moncler Genius 2 1952 F/W 2019 Milan
Giselle Norman, Saint Laurent F/W 2019 Paris
Giselle Norman, Christian Dior F/W 2019 Paris
Giselle Norman, Lanvin F/W 2019 Paris
Giselle Norman, Chloé F/W 2019 Paris
Giselle Norman, Paco Rabanne F/W 19.20 Paris
Giselle Norman, Loewe F/W 2019 Paris
Giselle Norman, Valentino F/W 2019 Paris
Giselle Norman, Stella McCartney F/W 2019 Paris
Yeva Podurian, Rodarte F/W 19.20 Los Angeles
Yeva Podurian, Ulla Johnson F/W 2019 New York
Yeva Podurian, Self-Portrait F/W 2019 New York
Yeva Podurian, 3.1 Phillip Lim F/W 19.20 New York
Yeva Podurian, Calvin Luo F/W 2019 New York
Yeva Podurian, ADEAM F/W 2019 New York
Yeva Podurian, Area F/W 2019 New York
Yeva Podurian, Maryam Nassir Zadeh F/W 2019 New York
Yeva Podurian, Palm Angels F/W 2019 New York
Yeva Podurian, Tibi F/W 2019 New York
Yeva Podurian, Moon Choi F/W 2019 New York
Yeva Podurian, Nanushka F/W 2019 New York
Yeva Podurian, ALEXACHUNG F/W 2019 London
Yeva Podurian, David Koma F/W 2019 London
Yeva Podurian, Halpern F/W 2019 London
Yeva Podurian, Roksanda F/W 2019 London
Yeva Podurian, Asai F/W 2019 London
Yeva Podurian, Emilia Wickstead F/W 2019 London
Yeva Podurian, Agnona F/W 19.20 Milan
Yeva Podurian, Giada F/W 19.20 Milan
Yeva Podurian, Gabriele Colangelo F/W 19.20 Milan
Yeva Podurian, Brognano F/W 19.20 Milan
Yeva Podurian, Blumarine F/W 2019 Milan
Yeva Podurian, Ermanno Scervino F/W 2019 Milan
Yeva Podurian, Fay F/W 2019 Milan
Yeva Podurian, Benetton F/W 2019 Milan
Yeva Podurian, Arthur Arbesser F/W 2019 Milan
Yeva Podurian, Vivetta F/W 2019 Milan
Yeva Podurian, Celine F/W 2019 Paris
Cyrielle Lalande, Rodarte F/W 19.20 Los Angeles
Cyrielle Lalande, Khaite F/W 2019 New York
Cyrielle Lalande, Brock Collection F/W 2019 New York
Cyrielle Lalande, Jeremy Scott F/W 2019 New York
Cyrielle Lalande, Longchamp F/W 2019 New York
Cyrielle Lalande, Self-Portrait F/W 2019 New York
Cyrielle Lalande, R13 F/W 2019 New York
Cyrielle Lalande, Tory Burch F/W 2019 New York
Cyrielle Lalande, Carolina Herrera F/W 2019 New York
Cyrielle Lalande, Helmut Lang F/W 2019 New York
Cyrielle Lalande, Coach 1941 F/W 19.20 New York
Cyrielle Lalande, 3.1 Phillip Lim F/W 19.20 New York
Cyrielle Lalande, Michael Kors F/W 2019 New York
Cyrielle Lalande, Boss F/W 2019 New York
Cyrielle Lalande, Ports 1961 F/W 19.20 London
Cyrielle Lalande, Mary Katrantzou F/W 2019 London
Cyrielle Lalande, Victoria Beckham F/W 2019 London
Cyrielle Lalande, Peter Pilotto F/W 2019 London
Cyrielle Lalande, J.W. Anderson F/W 19.20 London
Cyrielle Lalande, Christopher Kane F/W 2019 London
Cyrielle Lalande, Simone Rocha F/W 2019 London
Cyrielle Lalande, Prada F/W 2019 Milan
Cyrielle Lalande, Sportmax F/W 2019 Milan
Cyrielle Lalande, Bottega Veneta F/W 2019 Milan
Cyrielle Lalande, Versace F/W 2019 Milan
Cyrielle Lalande, Philosophy di Lorenzo Serafini F/W 2019 Milan
Cyrielle Lalande, Missoni F/W 2019 Milan
Cyrielle Lalande, Moncler Genius 2 1952 F/W 2019 Milan
Cyrielle Lalande, Christian Dior F/W 2019 Paris
Cyrielle Lalande, Paco Rabanne F/W 19.20 Paris
Cyrielle Lalande, Dries Van Noten F/W 2019 Paris
Cyrielle Lalande, Loewe F/W 2019 Paris
Cyrielle Lalande, Altuzarra F/W 2019 Paris
Cyrielle Lalande, Valentino F/W 2019 Paris
Cyrielle Lalande, Givenchy F/W 2019 Paris
Sarah Dahl, Tom Ford F/W 2019 New York
Sarah Dahl, Khaite F/W 2019 New York
Sarah Dahl, Longchamp F/W 2019 New York
Sarah Dahl, R13 F/W 2019 New York
Sarah Dahl, Tory Burch F/W 2019 New York
Sarah Dahl, Carolina Herrera F/W 2019 New York
Sarah Dahl, Proenza Schouler F/W 2019 New York
Sarah Dahl, Michael Kors F/W 2019 New York
Sarah Dahl, Boss F/W 2019 New York
Sarah Dahl, Ports 1961 F/W 19.20 London
Sarah Dahl, Victoria Beckham F/W 2019 London
Sarah Dahl, J.W. Anderson F/W 19.20 London
Sarah Dahl, Alberta Ferretti F/W 2019 Milan
Sarah Dahl, Max Mara F/W 2019 Milan
Sarah Dahl, Fendi F/W 2019 Milan
Sarah Dahl, Tod's F/W 2019 Milan
Sarah Dahl, Sportmax F/W 2019 Milan
Sarah Dahl, Etro F/W 2019 Milan
Sarah Dahl, Roberto Cavalli F/W 2019 Milan
Sarah Dahl, Missoni F/W 2019 Milan
Sarah Dahl, Moncler Genius 2 1952 F/W 2019 Milan
Sarah Dahl, Saint Laurent F/W 2019 Paris
Sarah Dahl, Christian Dior F/W 2019 Paris
Sarah Dahl, Chloé F/W 2019 Paris
Sarah Dahl, Isabel Marant F/W 2019 Paris
Sarah Dahl, Paco Rabanne F/W 19.20 Paris
Sarah Dahl, Dries Van Noten F/W 2019 Paris
Sarah Dahl, Loewe F/W 2019 Paris
Sarah Dahl, Altuzarra F/W 2019 Paris
Sarah Dahl, Valentino F/W 2019 Paris
Sarah Dahl, Givenchy F/W 2019 Paris
Sarah Dahl, Stella McCartney F/W 2019 Paris
